{
  "average_accuracy": 0.6488810236579657,
  "average_perplexity": 32286.412857546213,
  "per_subject_accuracy": {
    "abstract_algebra": 0.29,
    "anatomy": 0.6518518518518519,
    "astronomy": 0.6907894736842105,
    "business_ethics": 0.62,
    "clinical_knowledge": 0.7283018867924528,
    "college_biology": 0.8055555555555556,
    "college_chemistry": 0.49,
    "college_computer_science": 0.55,
    "college_mathematics": 0.35,
    "college_medicine": 0.6416184971098265,
    "college_physics": 0.5098039215686274,
    "computer_security": 0.73,
    "conceptual_physics": 0.5574468085106383,
    "econometrics": 0.41228070175438597,
    "electrical_engineering": 0.6482758620689655,
    "elementary_mathematics": 0.35978835978835977,
    "formal_logic": 0.49206349206349204,
    "global_facts": 0.29,
    "high_school_biology": 0.7645161290322581,
    "high_school_chemistry": 0.5123152709359606,
    "high_school_computer_science": 0.69,
    "high_school_european_history": 0.7515151515151515,
    "high_school_geography": 0.8535353535353535,
    "high_school_government_and_politics": 0.8808290155440415,
    "high_school_macroeconomics": 0.6487179487179487,
    "high_school_mathematics": 0.2814814814814815,
    "high_school_microeconomics": 0.7310924369747899,
    "high_school_physics": 0.41721854304635764,
    "high_school_psychology": 0.8532110091743119,
    "high_school_statistics": 0.6064814814814815,
    "high_school_us_history": 0.8235294117647058,
    "high_school_world_history": 0.8354430379746836,
    "human_aging": 0.6860986547085202,
    "human_sexuality": 0.7557251908396947,
    "international_law": 0.8429752066115702,
    "jurisprudence": 0.7129629629629629,
    "logical_fallacies": 0.7607361963190185,
    "machine_learning": 0.42857142857142855,
    "management": 0.8543689320388349,
    "marketing": 0.8589743589743589,
    "medical_genetics": 0.8,
    "miscellaneous": 0.8148148148148148,
    "moral_disputes": 0.7023121387283237,
    "moral_scenarios": 0.3027932960893855,
    "nutrition": 0.7483660130718954,
    "philosophy": 0.7234726688102894,
    "prehistory": 0.7345679012345679,
    "professional_accounting": 0.45390070921985815,
    "professional_law": 0.4491525423728814,
    "professional_medicine": 0.7022058823529411,
    "professional_psychology": 0.7189542483660131,
    "public_relations": 0.6545454545454545,
    "security_studies": 0.7551020408163265,
    "sociology": 0.8606965174129353,
    "us_foreign_policy": 0.83,
    "virology": 0.5602409638554217,
    "world_religions": 0.8070175438596491
  },
  "per_subject_perplexity": {
    "abstract_algebra": 44867.58052381113,
    "anatomy": 30832.23382549114,
    "astronomy": 26170.523826836794,
    "business_ethics": 22875.280816831015,
    "clinical_knowledge": 32108.862432712758,
    "college_biology": 36549.44890390029,
    "college_chemistry": 54204.80701092828,
    "college_computer_science": 42851.473457025095,
    "college_mathematics": 79136.99075766355,
    "college_medicine": 25983.0148588497,
    "college_physics": 70448.46040764236,
    "computer_security": 41499.43481473402,
    "conceptual_physics": 43020.39079723758,
    "econometrics": 34467.34273103372,
    "electrical_engineering": 71898.35427493555,
    "elementary_mathematics": 151983.28832138673,
    "formal_logic": 39310.92724445526,
    "global_facts": 14777.2710168329,
    "high_school_biology": 22177.3972652454,
    "high_school_chemistry": 33798.92366721942,
    "high_school_computer_science": 45585.77295593697,
    "high_school_european_history": 11023.544713436328,
    "high_school_geography": 26912.6789663324,
    "high_school_government_and_politics": 13365.212387045094,
    "high_school_macroeconomics": 16056.269813381781,
    "high_school_mathematics": 129123.06998656204,
    "high_school_microeconomics": 15609.111614167818,
    "high_school_physics": 28568.75477503476,
    "high_school_psychology": 25846.594569309746,
    "high_school_statistics": 17037.983241280876,
    "high_school_us_history": 12332.280772909557,
    "high_school_world_history": 15352.788644213208,
    "human_aging": 27124.406300542134,
    "human_sexuality": 24199.298472858092,
    "international_law": 25389.517533237962,
    "jurisprudence": 23782.18461323684,
    "logical_fallacies": 13889.532165434981,
    "machine_learning": 27867.96126731889,
    "management": 30931.673281212596,
    "marketing": 26518.82808818339,
    "medical_genetics": 25929.541322662226,
    "miscellaneous": 28913.483814301722,
    "moral_disputes": 13899.38630105252,
    "moral_scenarios": 9311.151450239964,
    "nutrition": 27944.97427995109,
    "philosophy": 15947.10106650402,
    "prehistory": 22363.287217663183,
    "professional_accounting": 30904.072904836587,
    "professional_law": 7791.4936836237575,
    "professional_medicine": 19412.62905540476,
    "professional_psychology": 18567.723545629193,
    "public_relations": 20784.969266839147,
    "security_studies": 14977.355295434903,
    "sociology": 18708.95748167326,
    "us_foreign_policy": 15784.559595005127,
    "virology": 32579.40699932682,
    "world_religions": 41025.96848357764
  }
}